Filename,Hotspot-cluster,minimum,maximum,average,count,density
0066_MWIR.jpg,2,1.376541,2.724709,1.7101581880864953,4902,3.210615597225588
0067_MWIR.jpg,1,0,-2.394325,-3.6067722714876496,26841,18.572258894839543
0817_MWIR.jpg,5,7.600018,10.642399,8.33917642359525,8756,4.050347166005949
