Filename,Hotspot-cluster,minimum,maximum,average,count,density
0066_MWIR.jpg,2,-3.741596,-2.402008,-3.526755087359314,13061,8.059858068497377
0085_MWIR.jpg,2,0.862946,3.591137,1.5223818339688042,8655,6.11898617837322
0817_MWIR.jpg,2,7.600018,10.642399,8.338530179381914,8769,4.056360701085674
