Filename,Hotspot-cluster,minimum,maximum,average,count,density
0066_MWIR.jpg,2,0.574944,1.840038,0.75618073315964,21110,12.453909914161825
0067_MWIR.jpg,2,0,-2.699211,-3.737473748839608,3878,2.191109001740231
0817_MWIR.jpg,3,9.115463,12.39679,9.635987084286182,6122,5.490533717186393
