Filename,Hotspot-cluster,minimum,maximum,average,count,density
0682_MWIR.jpg,2,16.832123,32.408585,22.352853505555554,1080,0.6619350568160924
