Filename,Hotspot-cluster,minimum,maximum,average,U1,U2,U3,U4,density
0224_MWIR (2).jpg,2,14.244682,20.586327,18.402312960415316,9.896786172913407,3.242885758990253,0.9973624519359198,0.9494747650531933,5.649682451022984%
0225_MWIR (2).jpg,2,14.244682,20.586327,18.402312960415316,9.896786172913407,3.242885758990253,0.9973624519359198,0.9494747650531933,5.70243488694429%
0226_MWIR (2).jpg,2,14.244682,20.586327,18.402312960415316,9.896786172913407,3.242885758990253,0.9973624519359198,0.9494747650531933,5.586586400215148%
0227_MWIR (2).jpg,2,14.244682,20.586327,18.402312960415316,9.896786172913407,3.242885758990253,0.9973624519359198,0.9494747650531933,6.336498479488611%
0228_MWIR (2).jpg,2,14.244682,20.586327,18.402312960415316,9.896786172913407,3.242885758990253,0.9973624519359198,0.9494747650531933,5.757256045842901%
0229_MWIR (2).jpg,1,14.282166,20.655861,18.392699714353064,9.896786172913407,3.242885758990253,0.9973624519359198,0.9494747650531933,5.920685161050083%
0230_MWIR (2).jpg,2,14.244682,20.586327,18.402312960415316,9.896786172913407,3.242885758990253,0.9973624519359198,0.9494747650531933,5.584517677237841%
0231_MWIR (2).jpg,2,14.244682,20.586327,18.402312960415316,9.896786172913407,3.242885758990253,0.9973624519359198,0.9494747650531933,6.031361840335961%
0232_MWIR (2).jpg,0,14.244682,20.586327,18.614536718711275,9.896786172913407,3.242885758990253,0.9973624519359198,0.9494747650531933,24.34473199693829%
