Filename,Hotspot-cluster,minimum,maximum,average,density
0224_MWIR (2).jpg,3,14.093269,19.376244,16.66381500143816,1.875561949289696%
