Filename,Hotspot-cluster,minimum,maximum,average,density
0224_MWIR (2).jpg,1,13.924126,19.376244,15.453933731009537,16.405322783672002%
