Filename,Hotspot-cluster,minimum,maximum,average,density
0011_MWIR (3).jpg,4,15.602951,17.939178,16.647989461580682,3.408729490561449%
