Filename,Hotspot-cluster,minimum,maximum,average,Hotspot-U1,Hotspot-U2,Hotspot-U3,Hotspot-U4,density
0224_MWIR (2).jpg,2,13.924126,19.376244,16.39691293555474,8.779287343178963,2.856889716360531,0.8692355851360627,0.832943978201633,4.910987232512138%
0225_MWIR (2).jpg,2,14.33873,18.721893,16.49847773898059,8.870673826714876,2.8884095554936247,0.8794232673202576,0.84236306378501,4.933818988893761%
0226_MWIR (2).jpg,2,13.844063,19.952309,16.54469946176634,8.912959794565731,2.9060024192455494,0.8859646408812408,0.8477965467220171,5.0%
