Filename,Hotspot-cluster,minimum,maximum,average,U1,U2,U3,U4,Hotspot-U1,Hotspot-U2,Hotspot-U3,Hotspot-U4,density
0224_MWIR (2).jpg,2,13.924126,19.376244,16.39691293555474,7.516761916791047,2.423474095941803,0.7297498276189922,0.7036016664429625,8.779287343178963,2.856889716360531,0.8692355851360627,0.832943978201633,5.056471023884466%
0225_MWIR (2).jpg,2,14.33873,18.721893,16.49847773898059,7.425480694484075,2.392250800948373,0.7197342800323605,0.6942923610189075,8.870673826714876,2.8884095554936247,0.8794232673202576,0.84236306378501,5.1036845028698385%
0226_MWIR (2).jpg,2,13.844063,19.952309,16.54469946176634,7.6852836875738495,2.481899433311794,0.7487177153284452,0.7210741203304674,8.912959794565731,2.9060024192455494,0.8859646408812408,0.8477965467220171,5.0%
