FILENAME,SILHOETTE COEFFICIENT
0066_MWIR.jpg,0.6420183289695139
0067_MWIR.jpg,0.7353125723285556
0817_MWIR.jpg,0.7190327501714249
