FILENAME,SILHOETTE COEFFICIENT
0066_MWIR.jpg,0.5189232045145433
0067_MWIR.jpg,0.5525765796643818
0817_MWIR.jpg,0.546734715472172
