FILENAME,MINIMUM,MAXIMUM,AVERAGE,U-VALUE 1,U-VALUE 2,U-VALUE 3,U-VALUE 4
0066_MWIR.jpg,0.012413,2.227932,0.3359199227102445,-0.4296685221957334,-0.5697912245289615,-0.16076738880425595,-0.16282102236262735
0067_MWIR.jpg,0,-2.699211,-5.013540458313558,-1.2498041460268345,-1.6513740779088548,-0.47389689599393364,-0.4909673700789928
0817_MWIR.jpg,4.645798,12.39679,7.850635145056995,0.7484201085691793,1.0260612419301094,0.3032298764526979,0.29674506814557916
