FILENAME,MINIMUM,MAXIMUM,AVERAGE,U-VALUE 1,U-VALUE 2,U-VALUE 3,U-VALUE 4
0224_MWIR (2).jpg,13.66037,19.376244,14.99326858767308,7.516761916791047,2.423474095941803,0.7297498276189922,0.7036016664429625
0225_MWIR (2).jpg,13.662056,18.721893,14.891756073519542,7.425480694484075,2.392250800948373,0.7197342800323605,0.6942923610189075
0226_MWIR (2).jpg,13.749878,19.952309,15.180480626004444,7.6852836875738495,2.481899433311794,0.7487177153284452,0.7210741203304674
