FILENAME,MINIMUM,MAXIMUM,AVERAGE,U-VALUE 1,U-VALUE 2,U-VALUE 3,U-VALUE 4
0063_MWIR.jpg,-6.278259,-2.792873,-5.1647290271151185,-1.272709663596913,-1.6811592775520345,-0.48252450093105437,-0.5002756454410271
