FILENAME,MINIMUM,MAXIMUM,AVERAGE,U-VALUE 1,U-VALUE 2,U-VALUE 3,U-VALUE 4
0682_MWIR.jpg,4.834175,32.408585,10.284019050049645,1.1374054052641798,1.5835119312143666,0.47936437960569744,0.4636937658498221
